Op,dmsTimestamp,transaction_id,transaction_date,customer_id,product_id,store_id
I,2022-06-24 19:01:16.000000,2001,2022-06-03,26,1,3
I,2022-06-24 19:01:16.000000,2002,2022-06-19,166,20,4
I,2022-06-24 19:01:16.000000,2003,2022-06-05,266,7,5
I,2022-06-24 19:01:16.000000,2004,2022-06-18,103,4,1
I,2022-06-24 19:01:16.000000,2005,2022-06-07,244,10,6
I,2022-06-24 19:01:16.000000,2006,2022-06-03,205,13,2
I,2022-06-24 19:01:16.000000,2007,2022-06-09,236,17,6
I,2022-06-24 19:01:16.000000,2008,2022-06-08,238,20,2
I,2022-06-24 19:01:16.000000,2009,2022-06-11,114,20,3
I,2022-06-24 19:01:16.000000,2010,2022-06-03,176,23,3
I,2022-06-24 19:01:16.000000,2011,2022-05-30,212,4,1
I,2022-06-24 19:01:16.000000,2012,2022-05-27,278,10,3
I,2022-06-24 19:01:16.000000,2013,2022-06-04,273,24,3
I,2022-06-24 19:01:16.000000,2014,2022-06-06,238,1,6
I,2022-06-24 19:01:16.000000,2015,2022-05-30,13,4,3
I,2022-06-24 19:01:16.000000,2016,2022-05-30,229,21,3
I,2022-06-24 19:01:16.000000,2017,2022-06-05,267,1,3
I,2022-06-24 19:01:16.000000,2018,2022-06-18,205,19,2
I,2022-06-24 19:01:16.000000,2019,2022-06-19,131,15,2
I,2022-06-24 19:01:16.000000,2020,2022-06-16,191,13,5
I,2022-06-24 19:01:16.000000,2021,2022-06-06,101,27,6
I,2022-06-24 19:01:16.000000,2022,2022-05-30,299,21,5
I,2022-06-24 19:01:16.000000,2023,2022-06-06,221,7,2
I,2022-06-24 19:01:16.000000,2024,2022-06-21,47,16,3
I,2022-06-24 19:01:16.000000,2025,2022-06-16,26,20,6
I,2022-06-24 19:01:16.000000,2026,2022-06-16,65,22,6
I,2022-06-24 19:01:16.000000,2027,2022-06-16,103,9,4
I,2022-06-24 19:01:16.000000,2028,2022-06-20,173,30,6
I,2022-06-24 19:01:16.000000,2029,2022-05-28,156,10,4
I,2022-06-24 19:01:16.000000,2030,2022-06-05,151,11,1
I,2022-06-24 19:01:16.000000,2031,2022-06-13,72,1,3
I,2022-06-24 19:01:16.000000,2032,2022-06-18,171,14,4
I,2022-06-24 19:01:16.000000,2033,2022-06-07,13,23,6
I,2022-06-24 19:01:16.000000,2034,2022-05-31,278,3,3
I,2022-06-24 19:01:16.000000,2035,2022-06-12,21,23,3
I,2022-06-24 19:01:16.000000,2036,2022-06-10,22,28,2
I,2022-06-24 19:01:16.000000,2037,2022-06-23,206,10,2
I,2022-06-24 19:01:16.000000,2038,2022-06-14,224,26,4
I,2022-06-24 19:01:16.000000,2039,2022-05-28,35,13,6
I,2022-06-24 19:01:16.000000,2040,2022-06-14,16,18,3
I,2022-06-24 19:01:16.000000,2041,2022-06-02,28,12,6
I,2022-06-24 19:01:16.000000,2042,2022-06-18,138,10,4
I,2022-06-24 19:01:16.000000,2043,2022-06-09,101,26,5
I,2022-06-24 19:01:16.000000,2044,2022-06-06,271,29,2
I,2022-06-24 19:01:16.000000,2045,2022-06-24,99,4,6
I,2022-06-24 19:01:16.000000,2046,2022-06-10,287,21,1
I,2022-06-24 19:01:16.000000,2047,2022-06-11,124,23,5
I,2022-06-24 19:01:16.000000,2048,2022-06-06,49,7,4
I,2022-06-24 19:01:16.000000,2049,2022-06-05,254,27,5
I,2022-06-24 19:01:16.000000,2050,2022-06-18,198,22,2
I,2022-06-24 19:01:16.000000,2051,2022-06-04,45,23,4
I,2022-06-24 19:01:16.000000,2052,2022-06-15,260,25,1
I,2022-06-24 19:01:16.000000,2053,2022-06-23,35,5,5
I,2022-06-24 19:01:16.000000,2054,2022-06-12,280,7,5
I,2022-06-24 19:01:16.000000,2055,2022-06-05,165,9,3
I,2022-06-24 19:01:16.000000,2056,2022-06-11,245,10,1
I,2022-06-24 19:01:16.000000,2057,2022-06-16,202,3,2
I,2022-06-24 19:01:16.000000,2058,2022-06-16,18,6,5
I,2022-06-24 19:01:16.000000,2059,2022-06-19,109,9,5
I,2022-06-24 19:01:16.000000,2060,2022-06-13,69,24,5
I,2022-06-24 19:01:16.000000,2061,2022-06-21,281,16,6
I,2022-06-24 19:01:16.000000,2062,2022-06-23,126,2,4
I,2022-06-24 19:01:16.000000,2063,2022-05-30,263,13,5
I,2022-06-24 19:01:16.000000,2064,2022-05-29,235,11,4
I,2022-06-24 19:01:16.000000,2065,2022-06-04,158,7,4
I,2022-06-24 19:01:16.000000,2066,2022-06-18,97,26,1
I,2022-06-24 19:01:16.000000,2067,2022-06-17,114,5,3
I,2022-06-24 19:01:16.000000,2068,2022-06-20,52,25,2
I,2022-06-24 19:01:16.000000,2069,2022-05-26,203,2,4
I,2022-06-24 19:01:16.000000,2070,2022-06-04,213,10,5
I,2022-06-24 19:01:16.000000,2071,2022-06-16,25,10,3
I,2022-06-24 19:01:16.000000,2072,2022-06-23,19,12,3
I,2022-06-24 19:01:16.000000,2073,2022-06-13,280,27,2
I,2022-06-24 19:01:16.000000,2074,2022-06-05,163,9,6
I,2022-06-24 19:01:16.000000,2075,2022-06-20,197,15,1
I,2022-06-24 19:01:16.000000,2076,2022-05-27,36,26,1
I,2022-06-24 19:01:16.000000,2077,2022-06-14,269,26,1
I,2022-06-24 19:01:16.000000,2078,2022-06-10,229,18,6
I,2022-06-24 19:01:16.000000,2079,2022-05-28,79,22,4
I,2022-06-24 19:01:16.000000,2080,2022-06-02,17,7,4
I,2022-06-24 19:01:16.000000,2081,2022-06-24,69,28,5
I,2022-06-24 19:01:16.000000,2082,2022-06-21,85,29,6
I,2022-06-24 19:01:16.000000,2083,2022-06-23,181,20,2
I,2022-06-24 19:01:16.000000,2084,2022-06-22,153,29,2
I,2022-06-24 19:01:16.000000,2085,2022-06-07,162,24,5
I,2022-06-24 19:01:16.000000,2086,2022-06-02,13,2,3
I,2022-06-24 19:01:16.000000,2087,2022-05-28,300,10,1
I,2022-06-24 19:01:16.000000,2088,2022-05-30,226,12,4
I,2022-06-24 19:01:16.000000,2089,2022-06-09,251,11,6
I,2022-06-24 19:01:16.000000,2090,2022-05-25,95,5,2
I,2022-06-24 19:01:16.000000,2091,2022-05-27,239,24,5
I,2022-06-24 19:01:16.000000,2092,2022-06-03,6,12,5
I,2022-06-24 19:01:16.000000,2093,2022-05-25,233,8,5
I,2022-06-24 19:01:16.000000,2094,2022-05-30,174,13,1
I,2022-06-24 19:01:16.000000,2095,2022-05-30,32,28,3
I,2022-06-24 19:01:16.000000,2096,2022-06-10,178,1,5
I,2022-06-24 19:01:16.000000,2097,2022-06-17,201,2,2
I,2022-06-24 19:01:16.000000,2098,2022-05-25,114,12,6
I,2022-06-24 19:01:16.000000,2099,2022-05-27,278,24,4
I,2022-06-24 19:01:16.000000,2100,2022-06-19,291,13,1
I,2022-06-24 19:01:16.000000,2101,2022-05-25,57,23,3
I,2022-06-24 19:01:16.000000,2102,2022-06-16,279,9,3
I,2022-06-24 19:01:16.000000,2103,2022-06-09,141,19,6
I,2022-06-24 19:01:16.000000,2104,2022-06-07,19,14,4
I,2022-06-24 19:01:16.000000,2105,2022-05-25,223,25,5
I,2022-06-24 19:01:16.000000,2106,2022-05-25,237,20,3
I,2022-06-24 19:01:16.000000,2107,2022-06-13,166,24,6
I,2022-06-24 19:01:16.000000,2108,2022-06-02,70,20,6
I,2022-06-24 19:01:16.000000,2109,2022-06-20,119,3,5
I,2022-06-24 19:01:16.000000,2110,2022-06-16,149,1,6
I,2022-06-24 19:01:16.000000,2111,2022-06-03,77,26,1
I,2022-06-24 19:01:16.000000,2112,2022-06-17,11,1,2
I,2022-06-24 19:01:16.000000,2113,2022-06-14,138,13,5
I,2022-06-24 19:01:16.000000,2114,2022-06-09,1,29,6
I,2022-06-24 19:01:16.000000,2115,2022-05-27,258,26,1
I,2022-06-24 19:01:16.000000,2116,2022-06-21,112,21,3
I,2022-06-24 19:01:16.000000,2117,2022-06-22,59,18,1
I,2022-06-24 19:01:16.000000,2118,2022-06-09,28,15,4
I,2022-06-24 19:01:16.000000,2119,2022-06-16,31,18,4
I,2022-06-24 19:01:16.000000,2120,2022-06-11,265,21,5
I,2022-06-24 19:01:16.000000,2121,2022-06-18,209,17,3
I,2022-06-24 19:01:16.000000,2122,2022-06-22,241,18,6
I,2022-06-24 19:01:16.000000,2123,2022-06-07,180,3,1
I,2022-06-24 19:01:16.000000,2124,2022-06-02,214,15,4
I,2022-06-24 19:01:16.000000,2125,2022-06-03,207,23,6
I,2022-06-24 19:01:16.000000,2126,2022-05-25,284,8,3
I,2022-06-24 19:01:16.000000,2127,2022-05-28,252,25,4
I,2022-06-24 19:01:16.000000,2128,2022-05-30,99,15,5
I,2022-06-24 19:01:16.000000,2129,2022-05-25,146,28,1
I,2022-06-24 19:01:16.000000,2130,2022-06-03,40,30,1
I,2022-06-24 19:01:16.000000,2131,2022-06-21,26,19,5
I,2022-06-24 19:01:16.000000,2132,2022-05-26,277,11,5
I,2022-06-24 19:01:16.000000,2133,2022-05-30,136,19,4
I,2022-06-24 19:01:16.000000,2134,2022-06-06,288,3,3
I,2022-06-24 19:01:16.000000,2135,2022-05-25,56,22,2
I,2022-06-24 19:01:16.000000,2136,2022-06-23,236,5,4
I,2022-06-24 19:01:16.000000,2137,2022-05-29,41,30,3
I,2022-06-24 19:01:16.000000,2138,2022-06-08,240,17,3
I,2022-06-24 19:01:16.000000,2139,2022-06-10,117,2,5
I,2022-06-24 19:01:16.000000,2140,2022-05-29,202,9,5
I,2022-06-24 19:01:16.000000,2141,2022-06-14,67,24,6
I,2022-06-24 19:01:16.000000,2142,2022-06-14,163,23,2
I,2022-06-24 19:01:16.000000,2143,2022-05-31,170,6,6
I,2022-06-24 19:01:16.000000,2144,2022-06-06,19,14,1
I,2022-06-24 19:01:16.000000,2145,2022-06-20,272,15,1
I,2022-06-24 19:01:16.000000,2146,2022-06-08,83,23,6
I,2022-06-24 19:01:16.000000,2147,2022-06-05,15,2,5
I,2022-06-24 19:01:16.000000,2148,2022-06-06,124,20,1
I,2022-06-24 19:01:16.000000,2149,2022-06-20,155,16,1
I,2022-06-24 19:01:16.000000,2150,2022-06-24,205,17,2
I,2022-06-24 19:01:16.000000,2151,2022-06-17,224,4,2
I,2022-06-24 19:01:16.000000,2152,2022-06-16,12,16,5
I,2022-06-24 19:01:16.000000,2153,2022-06-22,129,10,2
I,2022-06-24 19:01:16.000000,2154,2022-05-29,244,15,2
I,2022-06-24 19:01:16.000000,2155,2022-06-06,78,28,3
I,2022-06-24 19:01:16.000000,2156,2022-05-27,72,7,4
I,2022-06-24 19:01:16.000000,2157,2022-06-08,270,8,3
I,2022-06-24 19:01:16.000000,2158,2022-06-08,103,8,1
I,2022-06-24 19:01:16.000000,2159,2022-06-10,52,21,4
I,2022-06-24 19:01:16.000000,2160,2022-06-08,47,10,1
I,2022-06-24 19:01:16.000000,2161,2022-05-25,205,24,1
I,2022-06-24 19:01:16.000000,2162,2022-05-27,56,15,3
I,2022-06-24 19:01:16.000000,2163,2022-06-15,241,24,1
I,2022-06-24 19:01:16.000000,2164,2022-05-29,173,5,2
I,2022-06-24 19:01:16.000000,2165,2022-06-12,37,7,2
I,2022-06-24 19:01:16.000000,2166,2022-06-06,266,25,2
I,2022-06-24 19:01:16.000000,2167,2022-06-05,277,20,2
I,2022-06-24 19:01:16.000000,2168,2022-06-06,99,13,3
I,2022-06-24 19:01:16.000000,2169,2022-06-10,254,13,2
I,2022-06-24 19:01:16.000000,2170,2022-06-05,190,10,6
I,2022-06-24 19:01:16.000000,2171,2022-06-07,249,26,5
I,2022-06-24 19:01:16.000000,2172,2022-06-01,148,17,6
I,2022-06-24 19:01:16.000000,2173,2022-06-09,150,13,4
I,2022-06-24 19:01:16.000000,2174,2022-06-20,186,24,6
I,2022-06-24 19:01:16.000000,2175,2022-06-23,35,7,4
I,2022-06-24 19:01:16.000000,2176,2022-06-01,167,3,3
I,2022-06-24 19:01:16.000000,2177,2022-05-30,268,24,2
I,2022-06-24 19:01:16.000000,2178,2022-06-21,149,5,1
I,2022-06-24 19:01:16.000000,2179,2022-06-07,10,12,2
I,2022-06-24 19:01:16.000000,2180,2022-06-17,28,9,3
I,2022-06-24 19:01:16.000000,2181,2022-06-05,163,13,6
I,2022-06-24 19:01:16.000000,2182,2022-05-27,159,12,2
I,2022-06-24 19:01:16.000000,2183,2022-06-14,232,18,3
I,2022-06-24 19:01:16.000000,2184,2022-06-09,82,30,3
I,2022-06-24 19:01:16.000000,2185,2022-06-20,288,27,2
I,2022-06-24 19:01:16.000000,2186,2022-06-23,98,29,4
I,2022-06-24 19:01:16.000000,2187,2022-06-19,94,8,2
I,2022-06-24 19:01:16.000000,2188,2022-06-22,169,29,5
I,2022-06-24 19:01:16.000000,2189,2022-06-13,205,5,6
I,2022-06-24 19:01:16.000000,2190,2022-06-15,208,10,3
I,2022-06-24 19:01:16.000000,2191,2022-06-17,193,24,5
I,2022-06-24 19:01:16.000000,2192,2022-06-19,219,1,3
I,2022-06-24 19:01:16.000000,2193,2022-06-09,236,3,4
I,2022-06-24 19:01:16.000000,2194,2022-06-04,56,27,5
I,2022-06-24 19:01:16.000000,2195,2022-06-18,197,19,3
I,2022-06-24 19:01:16.000000,2196,2022-06-15,227,16,2
I,2022-06-24 19:01:16.000000,2197,2022-05-31,144,15,2
I,2022-06-24 19:01:16.000000,2198,2022-05-28,231,2,5
I,2022-06-24 19:01:16.000000,2199,2022-05-28,20,2,5
I,2022-06-24 19:01:16.000000,2200,2022-05-29,38,1,1
I,2022-06-24 19:01:16.000000,2201,2022-06-22,268,25,2
I,2022-06-24 19:01:16.000000,2202,2022-06-20,251,12,3
I,2022-06-24 19:01:16.000000,2203,2022-06-11,123,19,5
I,2022-06-24 19:01:16.000000,2204,2022-06-19,166,16,4
I,2022-06-24 19:01:16.000000,2205,2022-06-19,158,17,5
I,2022-06-24 19:01:16.000000,2206,2022-06-19,199,19,2
I,2022-06-24 19:01:16.000000,2207,2022-06-23,79,8,6
I,2022-06-24 19:01:16.000000,2208,2022-06-16,158,2,1
I,2022-06-24 19:01:16.000000,2209,2022-06-11,51,24,3
I,2022-06-24 19:01:16.000000,2210,2022-06-10,94,5,3
I,2022-06-24 19:01:16.000000,2211,2022-06-10,41,12,6
I,2022-06-24 19:01:16.000000,2212,2022-06-16,165,24,2
I,2022-06-24 19:01:16.000000,2213,2022-06-12,156,25,2
I,2022-06-24 19:01:16.000000,2214,2022-06-22,62,4,3
I,2022-06-24 19:01:16.000000,2215,2022-06-05,9,11,4
I,2022-06-24 19:01:16.000000,2216,2022-06-16,63,2,3
I,2022-06-24 19:01:16.000000,2217,2022-06-03,261,10,4
I,2022-06-24 19:01:16.000000,2218,2022-05-30,204,15,6
I,2022-06-24 19:01:16.000000,2219,2022-06-18,263,20,3
I,2022-06-24 19:01:16.000000,2220,2022-06-15,295,25,4
I,2022-06-24 19:01:16.000000,2221,2022-06-14,68,27,1
I,2022-06-24 19:01:16.000000,2222,2022-06-22,114,22,3
I,2022-06-24 19:01:16.000000,2223,2022-06-18,227,18,5
I,2022-06-24 19:01:16.000000,2224,2022-06-04,129,7,4
I,2022-06-24 19:01:16.000000,2225,2022-06-03,169,24,1
I,2022-06-24 19:01:16.000000,2226,2022-06-06,297,3,6
I,2022-06-24 19:01:16.000000,2227,2022-06-18,4,30,2
I,2022-06-24 19:01:16.000000,2228,2022-06-20,255,20,5
I,2022-06-24 19:01:16.000000,2229,2022-05-30,15,6,1
I,2022-06-24 19:01:16.000000,2230,2022-06-12,233,14,6
I,2022-06-24 19:01:16.000000,2231,2022-06-18,272,3,6
I,2022-06-24 19:01:16.000000,2232,2022-06-11,124,12,1
I,2022-06-24 19:01:16.000000,2233,2022-05-25,18,8,3
I,2022-06-24 19:01:16.000000,2234,2022-05-28,17,9,1
I,2022-06-24 19:01:16.000000,2235,2022-05-25,92,2,2
I,2022-06-24 19:01:16.000000,2236,2022-05-27,243,12,1
I,2022-06-24 19:01:16.000000,2237,2022-05-30,260,14,5
I,2022-06-24 19:01:16.000000,2238,2022-06-08,82,3,3
I,2022-06-24 19:01:16.000000,2239,2022-06-21,268,26,1
I,2022-06-24 19:01:16.000000,2240,2022-06-16,200,28,6
I,2022-06-24 19:01:16.000000,2241,2022-06-09,293,7,5
I,2022-06-24 19:01:16.000000,2242,2022-06-12,74,25,3
I,2022-06-24 19:01:16.000000,2243,2022-06-05,242,20,1
I,2022-06-24 19:01:16.000000,2244,2022-06-23,242,23,3
I,2022-06-24 19:01:16.000000,2245,2022-06-24,62,15,4
I,2022-06-24 19:01:16.000000,2246,2022-06-18,58,20,4
I,2022-06-24 19:01:16.000000,2247,2022-06-23,250,19,2
I,2022-06-24 19:01:16.000000,2248,2022-06-23,288,16,2
I,2022-06-24 19:01:16.000000,2249,2022-06-04,106,29,3
I,2022-06-24 19:01:16.000000,2250,2022-06-11,238,10,1
I,2022-06-24 19:01:16.000000,2251,2022-06-22,264,26,6
I,2022-06-24 19:01:16.000000,2252,2022-06-02,179,13,2
I,2022-06-24 19:01:16.000000,2253,2022-06-14,80,20,4
I,2022-06-24 19:01:16.000000,2254,2022-06-18,57,29,5
I,2022-06-24 19:01:16.000000,2255,2022-06-10,5,17,3
I,2022-06-24 19:01:16.000000,2256,2022-06-13,170,22,1
I,2022-06-24 19:01:16.000000,2257,2022-05-27,209,13,1
I,2022-06-24 19:01:16.000000,2258,2022-06-16,58,22,6
I,2022-06-24 19:01:16.000000,2259,2022-06-13,215,16,5
I,2022-06-24 19:01:16.000000,2260,2022-06-02,111,19,1
I,2022-06-24 19:01:16.000000,2261,2022-05-29,74,4,4
I,2022-06-24 19:01:16.000000,2262,2022-06-17,2,27,1
I,2022-06-24 19:01:16.000000,2263,2022-05-27,171,11,3
I,2022-06-24 19:01:16.000000,2264,2022-06-14,140,3,2
I,2022-06-24 19:01:16.000000,2265,2022-06-05,290,8,6
I,2022-06-24 19:01:16.000000,2266,2022-06-16,45,14,6
I,2022-06-24 19:01:16.000000,2267,2022-06-06,129,8,1
I,2022-06-24 19:01:16.000000,2268,2022-06-02,128,5,2
I,2022-06-24 19:01:16.000000,2269,2022-06-10,282,3,2
I,2022-06-24 19:01:16.000000,2270,2022-06-23,222,13,4
I,2022-06-24 19:01:16.000000,2271,2022-06-02,148,27,5
I,2022-06-24 19:01:16.000000,2272,2022-05-27,258,7,6
I,2022-06-24 19:01:16.000000,2273,2022-06-18,232,26,1
I,2022-06-24 19:01:16.000000,2274,2022-05-26,172,4,3
I,2022-06-24 19:01:16.000000,2275,2022-05-28,221,12,2
I,2022-06-24 19:01:16.000000,2276,2022-06-07,211,3,2
I,2022-06-24 19:01:16.000000,2277,2022-06-13,212,26,5
I,2022-06-24 19:01:16.000000,2278,2022-05-29,223,14,4
I,2022-06-24 19:01:16.000000,2279,2022-06-14,183,15,2
I,2022-06-24 19:01:16.000000,2280,2022-05-27,256,30,3
I,2022-06-24 19:01:16.000000,2281,2022-06-08,272,3,3
I,2022-06-24 19:01:16.000000,2282,2022-06-16,120,22,5
I,2022-06-24 19:01:16.000000,2283,2022-06-16,211,17,6
I,2022-06-24 19:01:16.000000,2284,2022-06-14,112,15,5
I,2022-06-24 19:01:16.000000,2285,2022-06-03,158,2,1
I,2022-06-24 19:01:16.000000,2286,2022-06-03,96,8,2
I,2022-06-24 19:01:16.000000,2287,2022-05-27,73,8,5
I,2022-06-24 19:01:16.000000,2288,2022-06-23,28,1,5
I,2022-06-24 19:01:16.000000,2289,2022-06-10,33,22,6
I,2022-06-24 19:01:16.000000,2290,2022-06-15,184,2,1
I,2022-06-24 19:01:16.000000,2291,2022-06-20,140,19,1
I,2022-06-24 19:01:16.000000,2292,2022-06-15,237,19,3
I,2022-06-24 19:01:16.000000,2293,2022-06-03,140,3,1
I,2022-06-24 19:01:16.000000,2294,2022-06-01,274,11,5
I,2022-06-24 19:01:16.000000,2295,2022-06-23,136,27,1
I,2022-06-24 19:01:16.000000,2296,2022-06-20,181,29,5
I,2022-06-24 19:01:16.000000,2297,2022-05-29,82,20,6
I,2022-06-24 19:01:16.000000,2298,2022-06-24,271,16,5
I,2022-06-24 19:01:16.000000,2299,2022-06-11,287,29,1
I,2022-06-24 19:01:16.000000,2300,2022-06-03,25,13,3
I,2022-06-24 19:01:16.000000,2301,2022-06-02,37,16,1
I,2022-06-24 19:01:16.000000,2302,2022-05-31,183,14,6
I,2022-06-24 19:01:16.000000,2303,2022-06-05,147,10,1
I,2022-06-24 19:01:16.000000,2304,2022-06-17,106,13,6
I,2022-06-24 19:01:16.000000,2305,2022-06-15,14,23,1
I,2022-06-24 19:01:16.000000,2306,2022-06-21,236,23,6
I,2022-06-24 19:01:16.000000,2307,2022-06-13,94,15,1
I,2022-06-24 19:01:16.000000,2308,2022-05-26,187,25,6
I,2022-06-24 19:01:16.000000,2309,2022-06-17,132,17,1
I,2022-06-24 19:01:16.000000,2310,2022-06-02,293,28,3
I,2022-06-24 19:01:16.000000,2311,2022-06-24,147,15,2
I,2022-06-24 19:01:16.000000,2312,2022-06-06,276,4,4
I,2022-06-24 19:01:16.000000,2313,2022-06-09,235,26,4
I,2022-06-24 19:01:16.000000,2314,2022-06-06,51,24,5
I,2022-06-24 19:01:16.000000,2315,2022-06-09,72,10,3
I,2022-06-24 19:01:16.000000,2316,2022-05-28,86,9,3
I,2022-06-24 19:01:16.000000,2317,2022-05-26,300,30,2
I,2022-06-24 19:01:16.000000,2318,2022-06-01,67,27,5
I,2022-06-24 19:01:16.000000,2319,2022-05-31,33,20,5
I,2022-06-24 19:01:16.000000,2320,2022-06-03,118,22,1
I,2022-06-24 19:01:16.000000,2321,2022-06-13,256,30,4
I,2022-06-24 19:01:16.000000,2322,2022-06-14,214,14,5
I,2022-06-24 19:01:16.000000,2323,2022-05-26,67,1,2
I,2022-06-24 19:01:16.000000,2324,2022-05-30,48,25,3
I,2022-06-24 19:01:16.000000,2325,2022-06-10,56,24,3
I,2022-06-24 19:01:16.000000,2326,2022-06-18,269,7,4
I,2022-06-24 19:01:16.000000,2327,2022-06-21,79,16,4
I,2022-06-24 19:01:16.000000,2328,2022-06-11,15,23,1
I,2022-06-24 19:01:16.000000,2329,2022-06-14,83,9,2
I,2022-06-24 19:01:16.000000,2330,2022-06-23,290,3,1
I,2022-06-24 19:01:16.000000,2331,2022-06-12,58,10,2
I,2022-06-24 19:01:16.000000,2332,2022-06-09,22,12,4
I,2022-06-24 19:01:16.000000,2333,2022-06-24,155,21,4
I,2022-06-24 19:01:16.000000,2334,2022-05-29,204,15,5
I,2022-06-24 19:01:16.000000,2335,2022-06-16,61,25,3
I,2022-06-24 19:01:16.000000,2336,2022-06-07,3,27,6
I,2022-06-24 19:01:16.000000,2337,2022-05-26,285,23,1
I,2022-06-24 19:01:16.000000,2338,2022-06-05,50,1,4
I,2022-06-24 19:01:16.000000,2339,2022-06-14,59,8,3
I,2022-06-24 19:01:16.000000,2340,2022-06-01,2,24,2
I,2022-06-24 19:01:16.000000,2341,2022-06-03,170,21,2
I,2022-06-24 19:01:16.000000,2342,2022-05-28,248,19,2
I,2022-06-24 19:01:16.000000,2343,2022-06-21,99,25,4
I,2022-06-24 19:01:16.000000,2344,2022-06-16,81,19,2
I,2022-06-24 19:01:16.000000,2345,2022-05-30,155,10,2
I,2022-06-24 19:01:16.000000,2346,2022-05-30,31,25,4
I,2022-06-24 19:01:16.000000,2347,2022-06-03,33,13,4
I,2022-06-24 19:01:16.000000,2348,2022-06-24,189,23,3
I,2022-06-24 19:01:16.000000,2349,2022-06-01,282,11,5
I,2022-06-24 19:01:16.000000,2350,2022-06-07,241,16,4
I,2022-06-24 19:01:16.000000,2351,2022-06-10,238,6,6
I,2022-06-24 19:01:16.000000,2352,2022-06-06,202,16,5
I,2022-06-24 19:01:16.000000,2353,2022-06-17,183,20,3
I,2022-06-24 19:01:16.000000,2354,2022-06-08,29,1,3
I,2022-06-24 19:01:16.000000,2355,2022-06-17,192,20,5
I,2022-06-24 19:01:16.000000,2356,2022-05-30,265,20,1
I,2022-06-24 19:01:16.000000,2357,2022-05-26,55,24,1
I,2022-06-24 19:01:16.000000,2358,2022-06-16,29,18,4
I,2022-06-24 19:01:16.000000,2359,2022-06-22,260,6,5
I,2022-06-24 19:01:16.000000,2360,2022-06-09,60,28,1
I,2022-06-24 19:01:16.000000,2361,2022-06-20,77,12,4
I,2022-06-24 19:01:16.000000,2362,2022-05-31,170,30,4
I,2022-06-24 19:01:16.000000,2363,2022-06-16,174,5,5
I,2022-06-24 19:01:16.000000,2364,2022-06-16,75,29,4
I,2022-06-24 19:01:16.000000,2365,2022-06-21,263,25,6
I,2022-06-24 19:01:16.000000,2366,2022-06-19,15,2,6
I,2022-06-24 19:01:16.000000,2367,2022-06-04,111,29,2
I,2022-06-24 19:01:16.000000,2368,2022-06-09,278,7,4
I,2022-06-24 19:01:16.000000,2369,2022-06-24,283,18,5
I,2022-06-24 19:01:16.000000,2370,2022-05-31,234,27,3
I,2022-06-24 19:01:16.000000,2371,2022-06-17,98,12,3
I,2022-06-24 19:01:16.000000,2372,2022-06-04,203,3,3
I,2022-06-24 19:01:16.000000,2373,2022-05-29,282,6,4
I,2022-06-24 19:01:16.000000,2374,2022-05-27,249,7,5
I,2022-06-24 19:01:16.000000,2375,2022-06-21,8,30,2
I,2022-06-24 19:01:16.000000,2376,2022-06-20,75,12,4
I,2022-06-24 19:01:16.000000,2377,2022-05-31,298,26,5
I,2022-06-24 19:01:16.000000,2378,2022-06-11,134,5,3
I,2022-06-24 19:01:16.000000,2379,2022-06-09,114,9,6
I,2022-06-24 19:01:16.000000,2380,2022-05-29,33,18,3
I,2022-06-24 19:01:16.000000,2381,2022-06-15,189,30,1
I,2022-06-24 19:01:16.000000,2382,2022-05-27,70,29,2
I,2022-06-24 19:01:16.000000,2383,2022-06-15,241,7,4
I,2022-06-24 19:01:16.000000,2384,2022-06-03,164,23,1
I,2022-06-24 19:01:16.000000,2385,2022-06-06,12,20,6
I,2022-06-24 19:01:16.000000,2386,2022-06-20,182,29,1
I,2022-06-24 19:01:16.000000,2387,2022-06-14,297,2,3
I,2022-06-24 19:01:16.000000,2388,2022-06-16,112,29,1
I,2022-06-24 19:01:16.000000,2389,2022-06-16,58,19,6
I,2022-06-24 19:01:16.000000,2390,2022-06-05,297,29,5
I,2022-06-24 19:01:16.000000,2391,2022-06-14,166,27,1
I,2022-06-24 19:01:16.000000,2392,2022-06-17,178,11,1
I,2022-06-24 19:01:16.000000,2393,2022-05-30,9,20,5
I,2022-06-24 19:01:16.000000,2394,2022-06-16,227,29,3
I,2022-06-24 19:01:16.000000,2395,2022-05-27,55,12,4
I,2022-06-24 19:01:16.000000,2396,2022-06-01,244,1,2
I,2022-06-24 19:01:16.000000,2397,2022-06-20,5,28,4
I,2022-06-24 19:01:16.000000,2398,2022-06-11,229,12,2
I,2022-06-24 19:01:16.000000,2399,2022-05-30,219,22,3
I,2022-06-24 19:01:16.000000,2400,2022-06-18,122,28,4
I,2022-06-24 19:01:16.000000,2401,2022-06-03,228,30,4
I,2022-06-24 19:01:16.000000,2402,2022-05-29,93,27,5
I,2022-06-24 19:01:16.000000,2403,2022-05-26,67,30,6
I,2022-06-24 19:01:16.000000,2404,2022-06-09,227,7,5
I,2022-06-24 19:01:16.000000,2405,2022-06-03,64,22,4
I,2022-06-24 19:01:16.000000,2406,2022-06-10,119,21,2
I,2022-06-24 19:01:16.000000,2407,2022-06-04,11,4,5
I,2022-06-24 19:01:16.000000,2408,2022-06-11,260,29,2
I,2022-06-24 19:01:16.000000,2409,2022-06-04,197,7,2
I,2022-06-24 19:01:16.000000,2410,2022-06-19,11,12,3
I,2022-06-24 19:01:16.000000,2411,2022-06-21,40,28,1
I,2022-06-24 19:01:16.000000,2412,2022-05-28,105,17,1
I,2022-06-24 19:01:16.000000,2413,2022-05-25,75,23,1
I,2022-06-24 19:01:16.000000,2414,2022-06-16,234,28,5
I,2022-06-24 19:01:16.000000,2415,2022-06-14,135,27,5
I,2022-06-24 19:01:16.000000,2416,2022-06-15,104,22,5
I,2022-06-24 19:01:16.000000,2417,2022-06-24,11,26,5
I,2022-06-24 19:01:16.000000,2418,2022-06-09,109,7,1
I,2022-06-24 19:01:16.000000,2419,2022-06-18,194,12,1
I,2022-06-24 19:01:16.000000,2420,2022-05-27,223,3,1
I,2022-06-24 19:01:16.000000,2421,2022-06-16,201,22,3
I,2022-06-24 19:01:16.000000,2422,2022-06-07,276,20,4
I,2022-06-24 19:01:16.000000,2423,2022-06-06,72,23,3
I,2022-06-24 19:01:16.000000,2424,2022-06-22,100,1,3
I,2022-06-24 19:01:16.000000,2425,2022-05-31,233,27,3
I,2022-06-24 19:01:16.000000,2426,2022-06-16,265,6,5
I,2022-06-24 19:01:16.000000,2427,2022-06-03,276,12,2
I,2022-06-24 19:01:16.000000,2428,2022-05-28,108,18,3
I,2022-06-24 19:01:16.000000,2429,2022-06-16,129,22,2
I,2022-06-24 19:01:16.000000,2430,2022-06-02,55,17,1
I,2022-06-24 19:01:16.000000,2431,2022-06-10,28,17,4
I,2022-06-24 19:01:16.000000,2432,2022-05-25,146,5,2
I,2022-06-24 19:01:16.000000,2433,2022-06-02,112,17,6
I,2022-06-24 19:01:16.000000,2434,2022-06-23,148,26,1
I,2022-06-24 19:01:16.000000,2435,2022-05-30,216,28,1
I,2022-06-24 19:01:16.000000,2436,2022-06-09,93,14,2
I,2022-06-24 19:01:16.000000,2437,2022-06-12,183,26,5
I,2022-06-24 19:01:16.000000,2438,2022-06-02,278,14,4
I,2022-06-24 19:01:16.000000,2439,2022-06-24,229,13,2
I,2022-06-24 19:01:16.000000,2440,2022-05-28,110,2,1
I,2022-06-24 19:01:16.000000,2441,2022-06-20,185,29,2
I,2022-06-24 19:01:16.000000,2442,2022-06-15,266,21,3
I,2022-06-24 19:01:16.000000,2443,2022-06-09,220,13,4
I,2022-06-24 19:01:16.000000,2444,2022-05-25,123,5,4
I,2022-06-24 19:01:16.000000,2445,2022-06-20,68,14,1
I,2022-06-24 19:01:16.000000,2446,2022-06-12,140,16,5
I,2022-06-24 19:01:16.000000,2447,2022-06-12,199,6,6
I,2022-06-24 19:01:16.000000,2448,2022-06-10,126,22,2
I,2022-06-24 19:01:16.000000,2449,2022-05-28,196,18,3
I,2022-06-24 19:01:16.000000,2450,2022-05-30,288,17,4
I,2022-06-24 19:01:16.000000,2451,2022-06-06,178,6,2
I,2022-06-24 19:01:16.000000,2452,2022-06-13,131,25,3
I,2022-06-24 19:01:16.000000,2453,2022-05-31,134,20,5
I,2022-06-24 19:01:16.000000,2454,2022-06-03,237,23,6
I,2022-06-24 19:01:16.000000,2455,2022-06-04,102,3,4
I,2022-06-24 19:01:16.000000,2456,2022-06-14,255,20,5
I,2022-06-24 19:01:16.000000,2457,2022-06-06,98,26,6
I,2022-06-24 19:01:16.000000,2458,2022-06-09,259,17,1
I,2022-06-24 19:01:16.000000,2459,2022-06-09,99,5,6
I,2022-06-24 19:01:16.000000,2460,2022-06-17,241,5,5
I,2022-06-24 19:01:16.000000,2461,2022-06-11,173,10,3
I,2022-06-24 19:01:16.000000,2462,2022-06-01,58,25,6
I,2022-06-24 19:01:16.000000,2463,2022-05-29,148,22,1
I,2022-06-24 19:01:16.000000,2464,2022-06-19,53,25,5
I,2022-06-24 19:01:16.000000,2465,2022-06-02,262,18,1
I,2022-06-24 19:01:16.000000,2466,2022-05-31,12,16,3
I,2022-06-24 19:01:16.000000,2467,2022-06-02,169,16,2
I,2022-06-24 19:01:16.000000,2468,2022-06-08,210,21,3
I,2022-06-24 19:01:16.000000,2469,2022-06-07,118,3,3
I,2022-06-24 19:01:16.000000,2470,2022-06-03,129,21,1
I,2022-06-24 19:01:16.000000,2471,2022-06-10,162,14,5
I,2022-06-24 19:01:16.000000,2472,2022-06-19,197,16,1
I,2022-06-24 19:01:16.000000,2473,2022-05-30,203,8,4
I,2022-06-24 19:01:16.000000,2474,2022-05-27,205,16,5
I,2022-06-24 19:01:16.000000,2475,2022-06-12,137,15,2
I,2022-06-24 19:01:16.000000,2476,2022-06-15,258,7,4
I,2022-06-24 19:01:16.000000,2477,2022-06-22,99,29,3
I,2022-06-24 19:01:16.000000,2478,2022-05-31,126,17,1
I,2022-06-24 19:01:16.000000,2479,2022-06-10,269,26,2
I,2022-06-24 19:01:16.000000,2480,2022-05-27,204,18,3
I,2022-06-24 19:01:16.000000,2481,2022-06-02,140,23,6
I,2022-06-24 19:01:16.000000,2482,2022-06-02,155,23,2
I,2022-06-24 19:01:16.000000,2483,2022-06-08,199,14,3
I,2022-06-24 19:01:16.000000,2484,2022-06-06,63,29,1
I,2022-06-24 19:01:16.000000,2485,2022-06-08,250,23,6
I,2022-06-24 19:01:16.000000,2486,2022-06-08,254,6,1
I,2022-06-24 19:01:16.000000,2487,2022-05-31,51,4,4
I,2022-06-24 19:01:16.000000,2488,2022-06-13,296,19,6
I,2022-06-24 19:01:16.000000,2489,2022-06-17,128,12,3
I,2022-06-24 19:01:16.000000,2490,2022-05-26,151,7,3
I,2022-06-24 19:01:16.000000,2491,2022-05-31,44,17,2
I,2022-06-24 19:01:16.000000,2492,2022-05-28,284,20,1
I,2022-06-24 19:01:16.000000,2493,2022-06-14,218,16,1
I,2022-06-24 19:01:16.000000,2494,2022-05-25,269,12,4
I,2022-06-24 19:01:16.000000,2495,2022-06-24,204,21,5
I,2022-06-24 19:01:16.000000,2496,2022-06-17,223,30,6
I,2022-06-24 19:01:16.000000,2497,2022-06-08,98,26,3
I,2022-06-24 19:01:16.000000,2498,2022-06-21,138,1,1
I,2022-06-24 19:01:16.000000,2499,2022-06-06,133,20,2
I,2022-06-24 19:01:16.000000,2500,2022-06-09,11,23,1
I,2022-06-24 19:01:16.000000,2501,2022-05-27,284,30,1
I,2022-06-24 19:01:16.000000,2502,2022-05-28,86,14,1
I,2022-06-24 19:01:16.000000,2503,2022-05-27,174,6,4
I,2022-06-24 19:01:16.000000,2504,2022-06-03,98,21,2
I,2022-06-24 19:01:16.000000,2505,2022-06-08,24,1,5
I,2022-06-24 19:01:16.000000,2506,2022-06-11,3,15,5
I,2022-06-24 19:01:16.000000,2507,2022-06-06,154,12,5
I,2022-06-24 19:01:16.000000,2508,2022-06-16,40,28,2
I,2022-06-24 19:01:16.000000,2509,2022-06-03,290,9,4
I,2022-06-24 19:01:16.000000,2510,2022-06-05,241,10,4
I,2022-06-24 19:01:16.000000,2511,2022-06-18,268,25,2
I,2022-06-24 19:01:16.000000,2512,2022-06-16,244,20,2
I,2022-06-24 19:01:16.000000,2513,2022-06-06,90,16,4
I,2022-06-24 19:01:16.000000,2514,2022-06-10,51,2,3
I,2022-06-24 19:01:16.000000,2515,2022-06-10,168,24,3
I,2022-06-24 19:01:16.000000,2516,2022-06-14,171,2,1
I,2022-06-24 19:01:16.000000,2517,2022-05-30,199,20,1
I,2022-06-24 19:01:16.000000,2518,2022-06-05,147,28,5
I,2022-06-24 19:01:16.000000,2519,2022-06-18,37,23,2
I,2022-06-24 19:01:16.000000,2520,2022-06-07,244,21,3
I,2022-06-24 19:01:16.000000,2521,2022-06-08,210,18,5
I,2022-06-24 19:01:16.000000,2522,2022-06-10,136,15,2
I,2022-06-24 19:01:16.000000,2523,2022-06-20,138,5,3
I,2022-06-24 19:01:16.000000,2524,2022-06-01,253,21,5
I,2022-06-24 19:01:16.000000,2525,2022-05-29,293,1,1
I,2022-06-24 19:01:16.000000,2526,2022-06-15,29,18,1
I,2022-06-24 19:01:16.000000,2527,2022-05-26,13,26,6
I,2022-06-24 19:01:16.000000,2528,2022-06-07,212,29,6
I,2022-06-24 19:01:16.000000,2529,2022-06-24,294,26,2
I,2022-06-24 19:01:16.000000,2530,2022-06-11,128,19,4
I,2022-06-24 19:01:16.000000,2531,2022-06-23,199,14,3
I,2022-06-24 19:01:16.000000,2532,2022-06-05,89,12,3
I,2022-06-24 19:01:16.000000,2533,2022-06-13,247,5,5
I,2022-06-24 19:01:16.000000,2534,2022-06-23,283,11,1
I,2022-06-24 19:01:16.000000,2535,2022-06-02,144,26,2
I,2022-06-24 19:01:16.000000,2536,2022-06-07,184,21,1
I,2022-06-24 19:01:16.000000,2537,2022-06-19,71,3,3
I,2022-06-24 19:01:16.000000,2538,2022-06-19,219,11,6
I,2022-06-24 19:01:16.000000,2539,2022-05-27,57,21,5
I,2022-06-24 19:01:16.000000,2540,2022-06-09,51,20,1
I,2022-06-24 19:01:16.000000,2541,2022-06-21,285,9,2
I,2022-06-24 19:01:16.000000,2542,2022-06-09,247,29,3
I,2022-06-24 19:01:16.000000,2543,2022-06-04,5,27,5
I,2022-06-24 19:01:16.000000,2544,2022-05-26,178,1,2
I,2022-06-24 19:01:16.000000,2545,2022-05-25,128,14,5
I,2022-06-24 19:01:16.000000,2546,2022-05-28,115,21,4
I,2022-06-24 19:01:16.000000,2547,2022-06-24,211,28,6
I,2022-06-24 19:01:16.000000,2548,2022-05-28,278,8,2
I,2022-06-24 19:01:16.000000,2549,2022-06-22,71,17,6
I,2022-06-24 19:01:16.000000,2550,2022-06-21,238,11,5
I,2022-06-24 19:01:16.000000,2551,2022-05-30,246,17,5
I,2022-06-24 19:01:16.000000,2552,2022-06-02,276,22,5
I,2022-06-24 19:01:16.000000,2553,2022-05-26,288,20,5
I,2022-06-24 19:01:16.000000,2554,2022-05-30,78,11,1
I,2022-06-24 19:01:16.000000,2555,2022-06-07,54,6,1
I,2022-06-24 19:01:16.000000,2556,2022-06-09,191,13,3
I,2022-06-24 19:01:16.000000,2557,2022-06-15,177,13,5
I,2022-06-24 19:01:16.000000,2558,2022-06-07,228,29,6
I,2022-06-24 19:01:16.000000,2559,2022-06-11,1,27,4
I,2022-06-24 19:01:16.000000,2560,2022-05-30,123,9,4
I,2022-06-24 19:01:16.000000,2561,2022-05-27,145,28,2
I,2022-06-24 19:01:16.000000,2562,2022-06-13,227,11,1
I,2022-06-24 19:01:16.000000,2563,2022-06-15,151,10,6
I,2022-06-24 19:01:16.000000,2564,2022-06-06,172,28,4
I,2022-06-24 19:01:16.000000,2565,2022-06-18,213,13,1
I,2022-06-24 19:01:16.000000,2566,2022-06-04,232,3,6
I,2022-06-24 19:01:16.000000,2567,2022-06-10,57,2,2
I,2022-06-24 19:01:16.000000,2568,2022-06-21,84,28,5
I,2022-06-24 19:01:16.000000,2569,2022-06-07,17,9,2
I,2022-06-24 19:01:16.000000,2570,2022-06-07,17,20,4
I,2022-06-24 19:01:16.000000,2571,2022-05-25,295,28,1
I,2022-06-24 19:01:16.000000,2572,2022-06-07,227,30,5
I,2022-06-24 19:01:16.000000,2573,2022-06-13,206,30,3
I,2022-06-24 19:01:16.000000,2574,2022-06-01,60,12,4
I,2022-06-24 19:01:16.000000,2575,2022-05-26,296,10,4
I,2022-06-24 19:01:16.000000,2576,2022-05-29,220,1,5
I,2022-06-24 19:01:16.000000,2577,2022-05-28,123,25,1
I,2022-06-24 19:01:16.000000,2578,2022-06-15,5,5,5
I,2022-06-24 19:01:16.000000,2579,2022-05-28,192,15,2
I,2022-06-24 19:01:16.000000,2580,2022-05-31,284,5,6
I,2022-06-24 19:01:16.000000,2581,2022-06-23,83,10,2
I,2022-06-24 19:01:16.000000,2582,2022-06-13,103,1,6
I,2022-06-24 19:01:16.000000,2583,2022-05-28,247,14,6
I,2022-06-24 19:01:16.000000,2584,2022-06-19,5,30,5
I,2022-06-24 19:01:16.000000,2585,2022-06-05,30,6,2
I,2022-06-24 19:01:16.000000,2586,2022-06-01,191,11,6
I,2022-06-24 19:01:16.000000,2587,2022-05-31,57,20,4
I,2022-06-24 19:01:16.000000,2588,2022-06-05,250,19,1
I,2022-06-24 19:01:16.000000,2589,2022-05-31,77,30,4
I,2022-06-24 19:01:16.000000,2590,2022-06-14,236,9,4
I,2022-06-24 19:01:16.000000,2591,2022-06-05,149,26,2
I,2022-06-24 19:01:16.000000,2592,2022-06-01,269,27,6
I,2022-06-24 19:01:16.000000,2593,2022-06-09,174,29,6
I,2022-06-24 19:01:16.000000,2594,2022-06-09,26,7,6
I,2022-06-24 19:01:16.000000,2595,2022-05-30,167,16,6
I,2022-06-24 19:01:16.000000,2596,2022-06-21,74,6,1
I,2022-06-24 19:01:16.000000,2597,2022-06-01,16,6,6
I,2022-06-24 19:01:16.000000,2598,2022-05-29,219,8,4
I,2022-06-24 19:01:16.000000,2599,2022-06-10,10,23,1
I,2022-06-24 19:01:16.000000,2600,2022-05-28,157,16,5
I,2022-06-24 19:01:16.000000,2601,2022-06-01,297,18,3
I,2022-06-24 19:01:16.000000,2602,2022-06-07,153,28,2
I,2022-06-24 19:01:16.000000,2603,2022-06-07,243,19,2
I,2022-06-24 19:01:16.000000,2604,2022-05-26,98,22,1
I,2022-06-24 19:01:16.000000,2605,2022-06-01,281,28,5
I,2022-06-24 19:01:16.000000,2606,2022-06-21,49,6,3
I,2022-06-24 19:01:16.000000,2607,2022-05-30,234,8,4
I,2022-06-24 19:01:16.000000,2608,2022-06-16,247,24,1
I,2022-06-24 19:01:16.000000,2609,2022-05-30,11,12,2
I,2022-06-24 19:01:16.000000,2610,2022-06-24,200,15,6
I,2022-06-24 19:01:16.000000,2611,2022-06-12,104,13,6
I,2022-06-24 19:01:16.000000,2612,2022-06-01,237,5,4
I,2022-06-24 19:01:16.000000,2613,2022-06-03,73,21,1
I,2022-06-24 19:01:16.000000,2614,2022-06-24,212,26,6
I,2022-06-24 19:01:16.000000,2615,2022-06-05,136,19,4
I,2022-06-24 19:01:16.000000,2616,2022-06-12,282,26,5
I,2022-06-24 19:01:16.000000,2617,2022-06-19,218,19,5
I,2022-06-24 19:01:16.000000,2618,2022-05-26,239,21,2
I,2022-06-24 19:01:16.000000,2619,2022-06-08,126,30,6
I,2022-06-24 19:01:16.000000,2620,2022-05-26,208,4,5
I,2022-06-24 19:01:16.000000,2621,2022-06-24,127,4,3
I,2022-06-24 19:01:16.000000,2622,2022-05-31,135,26,5
I,2022-06-24 19:01:16.000000,2623,2022-05-29,110,22,5
I,2022-06-24 19:01:16.000000,2624,2022-06-07,196,15,4
I,2022-06-24 19:01:16.000000,2625,2022-06-09,82,3,5
I,2022-06-24 19:01:16.000000,2626,2022-06-14,258,15,3
I,2022-06-24 19:01:16.000000,2627,2022-05-27,78,19,1
I,2022-06-24 19:01:16.000000,2628,2022-06-17,56,24,4
I,2022-06-24 19:01:16.000000,2629,2022-06-03,3,11,1
I,2022-06-24 19:01:16.000000,2630,2022-06-05,120,23,1
I,2022-06-24 19:01:16.000000,2631,2022-06-03,231,15,6
I,2022-06-24 19:01:16.000000,2632,2022-06-13,289,3,4
I,2022-06-24 19:01:16.000000,2633,2022-06-08,78,10,1
I,2022-06-24 19:01:16.000000,2634,2022-06-01,249,9,5
I,2022-06-24 19:01:16.000000,2635,2022-05-31,199,9,4
I,2022-06-24 19:01:16.000000,2636,2022-06-02,183,21,6
I,2022-06-24 19:01:16.000000,2637,2022-05-31,40,9,1
I,2022-06-24 19:01:16.000000,2638,2022-06-09,92,5,2
I,2022-06-24 19:01:16.000000,2639,2022-06-11,113,4,6
I,2022-06-24 19:01:16.000000,2640,2022-05-29,298,19,5
I,2022-06-24 19:01:16.000000,2641,2022-06-24,81,15,5
I,2022-06-24 19:01:16.000000,2642,2022-06-18,153,10,3
I,2022-06-24 19:01:16.000000,2643,2022-05-27,207,20,6
I,2022-06-24 19:01:16.000000,2644,2022-06-11,261,25,5
I,2022-06-24 19:01:16.000000,2645,2022-06-24,82,22,3
I,2022-06-24 19:01:16.000000,2646,2022-06-05,57,5,5
I,2022-06-24 19:01:16.000000,2647,2022-06-06,3,18,2
I,2022-06-24 19:01:16.000000,2648,2022-06-17,263,30,2
I,2022-06-24 19:01:16.000000,2649,2022-06-17,248,12,2
I,2022-06-24 19:01:16.000000,2650,2022-06-04,111,18,4
I,2022-06-24 19:01:16.000000,2651,2022-06-22,73,2,3
I,2022-06-24 19:01:16.000000,2652,2022-05-29,2,5,2
I,2022-06-24 19:01:16.000000,2653,2022-05-26,14,24,5
I,2022-06-24 19:01:16.000000,2654,2022-06-13,27,15,2
I,2022-06-24 19:01:16.000000,2655,2022-06-13,160,8,4
I,2022-06-24 19:01:16.000000,2656,2022-05-31,115,1,4
I,2022-06-24 19:01:16.000000,2657,2022-05-27,220,29,3
I,2022-06-24 19:01:16.000000,2658,2022-06-18,107,14,2
I,2022-06-24 19:01:16.000000,2659,2022-06-09,2,2,5
I,2022-06-24 19:01:16.000000,2660,2022-06-16,85,28,5
I,2022-06-24 19:01:16.000000,2661,2022-06-02,295,7,3
I,2022-06-24 19:01:16.000000,2662,2022-05-25,108,14,5
I,2022-06-24 19:01:16.000000,2663,2022-06-02,297,12,2
I,2022-06-24 19:01:16.000000,2664,2022-06-02,26,9,3
I,2022-06-24 19:01:16.000000,2665,2022-06-24,78,13,4
I,2022-06-24 19:01:16.000000,2666,2022-05-30,207,10,3
I,2022-06-24 19:01:16.000000,2667,2022-06-06,233,8,6
I,2022-06-24 19:01:16.000000,2668,2022-06-01,160,19,4
I,2022-06-24 19:01:16.000000,2669,2022-06-19,35,1,5
I,2022-06-24 19:01:16.000000,2670,2022-06-08,115,9,1
I,2022-06-24 19:01:16.000000,2671,2022-06-06,212,22,4
I,2022-06-24 19:01:16.000000,2672,2022-06-03,202,30,3
I,2022-06-24 19:01:16.000000,2673,2022-05-25,24,21,3
I,2022-06-24 19:01:16.000000,2674,2022-06-22,209,16,3
I,2022-06-24 19:01:16.000000,2675,2022-05-31,40,3,4
I,2022-06-24 19:01:16.000000,2676,2022-06-24,75,22,6
I,2022-06-24 19:01:16.000000,2677,2022-06-15,219,6,5
I,2022-06-24 19:01:16.000000,2678,2022-05-27,130,20,4
I,2022-06-24 19:01:16.000000,2679,2022-06-12,212,19,6
I,2022-06-24 19:01:16.000000,2680,2022-06-01,145,2,6
I,2022-06-24 19:01:16.000000,2681,2022-06-24,92,20,3
I,2022-06-24 19:01:16.000000,2682,2022-06-21,20,8,3
I,2022-06-24 19:01:16.000000,2683,2022-06-22,58,22,3
I,2022-06-24 19:01:16.000000,2684,2022-05-29,270,26,1
I,2022-06-24 19:01:16.000000,2685,2022-06-13,89,25,5
I,2022-06-24 19:01:16.000000,2686,2022-06-21,52,29,1
I,2022-06-24 19:01:16.000000,2687,2022-06-20,198,26,5
I,2022-06-24 19:01:16.000000,2688,2022-06-05,2,21,1
I,2022-06-24 19:01:16.000000,2689,2022-05-28,255,15,1
I,2022-06-24 19:01:16.000000,2690,2022-06-20,224,11,2
I,2022-06-24 19:01:16.000000,2691,2022-06-23,191,14,2
I,2022-06-24 19:01:16.000000,2692,2022-06-14,164,9,5
I,2022-06-24 19:01:16.000000,2693,2022-06-23,59,10,3
I,2022-06-24 19:01:16.000000,2694,2022-06-05,180,23,6
I,2022-06-24 19:01:16.000000,2695,2022-06-11,18,30,6
I,2022-06-24 19:01:16.000000,2696,2022-06-16,146,8,2
I,2022-06-24 19:01:16.000000,2697,2022-06-01,184,6,4
I,2022-06-24 19:01:16.000000,2698,2022-06-19,123,3,6
I,2022-06-24 19:01:16.000000,2699,2022-06-13,267,28,5
I,2022-06-24 19:01:16.000000,2700,2022-06-17,276,3,2
I,2022-06-24 19:01:16.000000,2701,2022-05-31,36,1,2
I,2022-06-24 19:01:16.000000,2702,2022-06-07,96,7,3
I,2022-06-24 19:01:16.000000,2703,2022-06-17,202,27,4
I,2022-06-24 19:01:16.000000,2704,2022-06-22,291,27,1
I,2022-06-24 19:01:16.000000,2705,2022-06-15,264,27,5
I,2022-06-24 19:01:16.000000,2706,2022-06-20,248,5,1
I,2022-06-24 19:01:16.000000,2707,2022-06-10,102,5,3
I,2022-06-24 19:01:16.000000,2708,2022-06-09,150,17,1
I,2022-06-24 19:01:16.000000,2709,2022-06-20,61,30,3
I,2022-06-24 19:01:16.000000,2710,2022-06-06,217,30,3
I,2022-06-24 19:01:16.000000,2711,2022-05-31,265,15,2
I,2022-06-24 19:01:16.000000,2712,2022-06-23,276,7,3
I,2022-06-24 19:01:16.000000,2713,2022-06-14,134,22,5
I,2022-06-24 19:01:16.000000,2714,2022-06-17,36,20,6
I,2022-06-24 19:01:16.000000,2715,2022-05-31,152,16,5
I,2022-06-24 19:01:16.000000,2716,2022-05-26,220,17,4
I,2022-06-24 19:01:16.000000,2717,2022-06-09,220,10,2
I,2022-06-24 19:01:16.000000,2718,2022-06-10,81,24,6
I,2022-06-24 19:01:16.000000,2719,2022-06-19,280,7,5
I,2022-06-24 19:01:16.000000,2720,2022-05-26,189,30,5
I,2022-06-24 19:01:16.000000,2721,2022-06-08,56,27,4
I,2022-06-24 19:01:16.000000,2722,2022-05-27,143,30,4
I,2022-06-24 19:01:16.000000,2723,2022-05-28,79,23,2
I,2022-06-24 19:01:16.000000,2724,2022-05-25,192,8,5
I,2022-06-24 19:01:16.000000,2725,2022-06-19,259,17,6
I,2022-06-24 19:01:16.000000,2726,2022-06-22,209,9,3
I,2022-06-24 19:01:16.000000,2727,2022-06-20,19,10,4
I,2022-06-24 19:01:16.000000,2728,2022-06-12,31,12,6
I,2022-06-24 19:01:16.000000,2729,2022-05-30,155,11,4
I,2022-06-24 19:01:16.000000,2730,2022-06-05,61,13,6
I,2022-06-24 19:01:16.000000,2731,2022-06-15,244,27,2
I,2022-06-24 19:01:16.000000,2732,2022-06-19,103,21,3
I,2022-06-24 19:01:16.000000,2733,2022-06-01,247,30,4
I,2022-06-24 19:01:16.000000,2734,2022-06-02,85,26,1
I,2022-06-24 19:01:16.000000,2735,2022-06-06,134,17,3
I,2022-06-24 19:01:16.000000,2736,2022-06-03,222,30,4
I,2022-06-24 19:01:16.000000,2737,2022-06-19,203,22,5
I,2022-06-24 19:01:16.000000,2738,2022-05-30,50,26,6
I,2022-06-24 19:01:16.000000,2739,2022-06-18,76,18,2
I,2022-06-24 19:01:16.000000,2740,2022-06-13,27,4,5
I,2022-06-24 19:01:16.000000,2741,2022-06-10,47,29,2
I,2022-06-24 19:01:16.000000,2742,2022-06-19,230,2,5
I,2022-06-24 19:01:16.000000,2743,2022-05-28,291,27,5
I,2022-06-24 19:01:16.000000,2744,2022-06-17,188,19,4
I,2022-06-24 19:01:16.000000,2745,2022-06-21,147,1,1
I,2022-06-24 19:01:16.000000,2746,2022-06-18,137,5,1
I,2022-06-24 19:01:16.000000,2747,2022-05-25,103,8,2
I,2022-06-24 19:01:16.000000,2748,2022-06-22,5,21,3
I,2022-06-24 19:01:16.000000,2749,2022-06-02,152,8,4
I,2022-06-24 19:01:16.000000,2750,2022-06-18,243,5,3
I,2022-06-24 19:01:16.000000,2751,2022-06-11,177,21,2
I,2022-06-24 19:01:16.000000,2752,2022-06-02,24,20,2
I,2022-06-24 19:01:16.000000,2753,2022-06-10,114,29,4
I,2022-06-24 19:01:16.000000,2754,2022-06-18,25,3,6
I,2022-06-24 19:01:16.000000,2755,2022-06-13,60,20,4
I,2022-06-24 19:01:16.000000,2756,2022-06-22,39,18,2
I,2022-06-24 19:01:16.000000,2757,2022-06-22,16,21,2
I,2022-06-24 19:01:16.000000,2758,2022-06-04,143,23,2
I,2022-06-24 19:01:16.000000,2759,2022-06-08,68,25,4
I,2022-06-24 19:01:16.000000,2760,2022-06-12,139,16,4
I,2022-06-24 19:01:16.000000,2761,2022-05-26,213,3,5
I,2022-06-24 19:01:16.000000,2762,2022-06-03,76,16,3
I,2022-06-24 19:01:16.000000,2763,2022-06-23,284,25,1
I,2022-06-24 19:01:16.000000,2764,2022-06-23,230,12,5
I,2022-06-24 19:01:16.000000,2765,2022-06-05,132,14,5
I,2022-06-24 19:01:16.000000,2766,2022-06-13,190,16,5
I,2022-06-24 19:01:16.000000,2767,2022-06-24,34,2,2
I,2022-06-24 19:01:16.000000,2768,2022-06-24,50,15,4
I,2022-06-24 19:01:16.000000,2769,2022-06-05,176,28,1
I,2022-06-24 19:01:16.000000,2770,2022-06-21,277,19,2
I,2022-06-24 19:01:16.000000,2771,2022-06-06,197,8,1
I,2022-06-24 19:01:16.000000,2772,2022-05-29,180,12,4
I,2022-06-24 19:01:16.000000,2773,2022-06-19,92,29,1
I,2022-06-24 19:01:16.000000,2774,2022-06-19,271,15,4
I,2022-06-24 19:01:16.000000,2775,2022-06-06,119,16,2
I,2022-06-24 19:01:16.000000,2776,2022-06-12,165,14,2
I,2022-06-24 19:01:16.000000,2777,2022-06-17,163,14,3
I,2022-06-24 19:01:16.000000,2778,2022-06-05,126,24,4
I,2022-06-24 19:01:16.000000,2779,2022-06-19,168,1,5
I,2022-06-24 19:01:16.000000,2780,2022-06-18,79,27,1
I,2022-06-24 19:01:16.000000,2781,2022-06-01,36,29,5
I,2022-06-24 19:01:16.000000,2782,2022-06-13,194,15,2
I,2022-06-24 19:01:16.000000,2783,2022-06-18,136,9,3
I,2022-06-24 19:01:16.000000,2784,2022-06-18,95,14,6
I,2022-06-24 19:01:16.000000,2785,2022-05-25,13,27,2
I,2022-06-24 19:01:16.000000,2786,2022-06-08,29,6,5
I,2022-06-24 19:01:16.000000,2787,2022-05-28,149,30,2
I,2022-06-24 19:01:16.000000,2788,2022-06-01,267,16,2
I,2022-06-24 19:01:16.000000,2789,2022-06-13,243,22,4
I,2022-06-24 19:01:16.000000,2790,2022-06-23,94,21,4
I,2022-06-24 19:01:16.000000,2791,2022-06-24,71,1,3
I,2022-06-24 19:01:16.000000,2792,2022-05-27,238,15,1
I,2022-06-24 19:01:16.000000,2793,2022-06-07,289,13,1
I,2022-06-24 19:01:16.000000,2794,2022-06-23,296,24,6
I,2022-06-24 19:01:16.000000,2795,2022-06-12,142,14,6
I,2022-06-24 19:01:16.000000,2796,2022-06-05,282,29,5
I,2022-06-24 19:01:16.000000,2797,2022-06-22,285,9,4
I,2022-06-24 19:01:16.000000,2798,2022-06-01,267,5,3
I,2022-06-24 19:01:16.000000,2799,2022-05-27,135,12,6
I,2022-06-24 19:01:16.000000,2800,2022-06-21,72,11,3
I,2022-06-24 19:01:16.000000,2801,2022-06-01,202,30,2
I,2022-06-24 19:01:16.000000,2802,2022-06-24,88,2,3
I,2022-06-24 19:01:16.000000,2803,2022-06-23,135,2,6
I,2022-06-24 19:01:16.000000,2804,2022-06-10,139,19,2
I,2022-06-24 19:01:16.000000,2805,2022-05-25,208,18,2
I,2022-06-24 19:01:16.000000,2806,2022-06-14,74,5,4
I,2022-06-24 19:01:16.000000,2807,2022-06-01,12,2,6
I,2022-06-24 19:01:16.000000,2808,2022-05-30,246,16,3
I,2022-06-24 19:01:16.000000,2809,2022-06-06,234,15,1
I,2022-06-24 19:01:16.000000,2810,2022-05-27,134,28,5
I,2022-06-24 19:01:16.000000,2811,2022-06-05,85,12,4
I,2022-06-24 19:01:16.000000,2812,2022-06-22,190,14,1
I,2022-06-24 19:01:16.000000,2813,2022-05-27,90,1,3
I,2022-06-24 19:01:16.000000,2814,2022-06-16,111,8,1
I,2022-06-24 19:01:16.000000,2815,2022-05-27,142,19,4
I,2022-06-24 19:01:16.000000,2816,2022-06-12,257,26,5
I,2022-06-24 19:01:16.000000,2817,2022-06-04,294,29,2
I,2022-06-24 19:01:16.000000,2818,2022-05-25,2,5,3
I,2022-06-24 19:01:16.000000,2819,2022-06-10,264,1,1
I,2022-06-24 19:01:16.000000,2820,2022-06-16,207,25,6
I,2022-06-24 19:01:16.000000,2821,2022-06-10,116,12,6
I,2022-06-24 19:01:16.000000,2822,2022-06-21,282,17,2
I,2022-06-24 19:01:16.000000,2823,2022-06-11,142,15,2
I,2022-06-24 19:01:16.000000,2824,2022-06-10,47,29,5
I,2022-06-24 19:01:16.000000,2825,2022-06-23,203,7,1
I,2022-06-24 19:01:16.000000,2826,2022-06-23,158,14,4
I,2022-06-24 19:01:16.000000,2827,2022-06-04,279,13,6
I,2022-06-24 19:01:16.000000,2828,2022-06-21,256,3,3
I,2022-06-24 19:01:16.000000,2829,2022-05-28,99,16,4
I,2022-06-24 19:01:16.000000,2830,2022-06-16,145,15,6
I,2022-06-24 19:01:16.000000,2831,2022-06-21,50,17,2
I,2022-06-24 19:01:16.000000,2832,2022-06-01,216,30,2
I,2022-06-24 19:01:16.000000,2833,2022-05-29,280,3,2
I,2022-06-24 19:01:16.000000,2834,2022-06-03,266,13,2
I,2022-06-24 19:01:16.000000,2835,2022-06-24,89,27,2
I,2022-06-24 19:01:16.000000,2836,2022-06-03,3,3,4
I,2022-06-24 19:01:16.000000,2837,2022-06-18,142,8,1
I,2022-06-24 19:01:16.000000,2838,2022-05-30,181,13,1
I,2022-06-24 19:01:16.000000,2839,2022-05-27,215,18,4
I,2022-06-24 19:01:16.000000,2840,2022-06-24,207,3,5
I,2022-06-24 19:01:16.000000,2841,2022-06-07,262,17,1
I,2022-06-24 19:01:16.000000,2842,2022-06-02,71,29,6
I,2022-06-24 19:01:16.000000,2843,2022-05-25,104,15,5
I,2022-06-24 19:01:16.000000,2844,2022-06-15,138,13,1
I,2022-06-24 19:01:16.000000,2845,2022-06-05,251,26,4
I,2022-06-24 19:01:16.000000,2846,2022-06-08,82,23,5
I,2022-06-24 19:01:16.000000,2847,2022-06-11,12,16,3
I,2022-06-24 19:01:16.000000,2848,2022-06-05,261,28,3
I,2022-06-24 19:01:16.000000,2849,2022-06-11,293,2,4
I,2022-06-24 19:01:16.000000,2850,2022-05-26,179,2,1
I,2022-06-24 19:01:16.000000,2851,2022-06-19,136,12,5
I,2022-06-24 19:01:16.000000,2852,2022-06-10,184,9,6
I,2022-06-24 19:01:16.000000,2853,2022-06-16,225,21,3
I,2022-06-24 19:01:16.000000,2854,2022-06-16,293,8,3
I,2022-06-24 19:01:16.000000,2855,2022-05-25,241,23,1
I,2022-06-24 19:01:16.000000,2856,2022-06-11,192,9,2
I,2022-06-24 19:01:16.000000,2857,2022-05-25,198,15,6
I,2022-06-24 19:01:16.000000,2858,2022-05-27,10,26,3
I,2022-06-24 19:01:16.000000,2859,2022-06-18,234,23,3
I,2022-06-24 19:01:16.000000,2860,2022-06-16,282,15,4
I,2022-06-24 19:01:16.000000,2861,2022-06-01,87,28,1
I,2022-06-24 19:01:16.000000,2862,2022-06-20,42,3,1
I,2022-06-24 19:01:16.000000,2863,2022-06-23,90,9,3
I,2022-06-24 19:01:16.000000,2864,2022-06-13,175,18,5
I,2022-06-24 19:01:16.000000,2865,2022-06-07,209,29,1
I,2022-06-24 19:01:16.000000,2866,2022-06-10,1,26,5
I,2022-06-24 19:01:16.000000,2867,2022-06-01,25,29,2
I,2022-06-24 19:01:16.000000,2868,2022-06-03,265,25,2
I,2022-06-24 19:01:16.000000,2869,2022-06-10,84,22,2
I,2022-06-24 19:01:16.000000,2870,2022-06-15,116,13,6
I,2022-06-24 19:01:16.000000,2871,2022-05-29,62,17,5
I,2022-06-24 19:01:16.000000,2872,2022-06-19,225,25,5
I,2022-06-24 19:01:16.000000,2873,2022-06-04,257,16,6
I,2022-06-24 19:01:16.000000,2874,2022-05-31,99,24,2
I,2022-06-24 19:01:16.000000,2875,2022-06-19,23,2,6
I,2022-06-24 19:01:16.000000,2876,2022-06-07,46,2,4
I,2022-06-24 19:01:16.000000,2877,2022-06-05,294,13,3
I,2022-06-24 19:01:16.000000,2878,2022-06-13,77,23,6
I,2022-06-24 19:01:16.000000,2879,2022-06-21,84,12,4
I,2022-06-24 19:01:16.000000,2880,2022-06-21,45,17,5
I,2022-06-24 19:01:16.000000,2881,2022-05-31,272,23,3
I,2022-06-24 19:01:16.000000,2882,2022-05-28,180,22,6
I,2022-06-24 19:01:16.000000,2883,2022-06-23,123,11,2
I,2022-06-24 19:01:16.000000,2884,2022-05-29,58,21,4
I,2022-06-24 19:01:16.000000,2885,2022-06-16,234,29,1
I,2022-06-24 19:01:16.000000,2886,2022-06-02,292,30,6
I,2022-06-24 19:01:16.000000,2887,2022-06-04,192,2,3
I,2022-06-24 19:01:16.000000,2888,2022-06-10,139,3,5
I,2022-06-24 19:01:16.000000,2889,2022-06-15,268,6,2
I,2022-06-24 19:01:16.000000,2890,2022-06-14,198,4,2
I,2022-06-24 19:01:16.000000,2891,2022-06-02,61,5,5
I,2022-06-24 19:01:16.000000,2892,2022-06-06,199,8,2
I,2022-06-24 19:01:16.000000,2893,2022-06-14,64,1,5
I,2022-06-24 19:01:16.000000,2894,2022-06-23,29,23,5
I,2022-06-24 19:01:16.000000,2895,2022-05-26,190,11,1
I,2022-06-24 19:01:16.000000,2896,2022-06-06,23,26,5
I,2022-06-24 19:01:16.000000,2897,2022-06-12,242,15,5
I,2022-06-24 19:01:16.000000,2898,2022-05-31,38,16,3
I,2022-06-24 19:01:16.000000,2899,2022-05-25,5,30,1
I,2022-06-24 19:01:16.000000,2900,2022-06-11,298,23,6
I,2022-06-24 19:01:16.000000,2901,2022-06-09,204,16,2
I,2022-06-24 19:01:16.000000,2902,2022-05-28,56,19,4
I,2022-06-24 19:01:16.000000,2903,2022-06-02,153,21,3
I,2022-06-24 19:01:16.000000,2904,2022-06-18,119,8,1
I,2022-06-24 19:01:16.000000,2905,2022-06-17,174,4,2
I,2022-06-24 19:01:16.000000,2906,2022-06-14,208,25,6
I,2022-06-24 19:01:16.000000,2907,2022-05-27,149,28,1
I,2022-06-24 19:01:16.000000,2908,2022-06-03,126,27,1
I,2022-06-24 19:01:16.000000,2909,2022-05-27,180,15,4
I,2022-06-24 19:01:16.000000,2910,2022-06-17,224,10,1
I,2022-06-24 19:01:16.000000,2911,2022-06-13,220,30,5
I,2022-06-24 19:01:16.000000,2912,2022-06-18,173,15,5
I,2022-06-24 19:01:16.000000,2913,2022-06-07,39,24,6
I,2022-06-24 19:01:16.000000,2914,2022-06-04,148,29,4
I,2022-06-24 19:01:16.000000,2915,2022-06-08,111,21,5
I,2022-06-24 19:01:16.000000,2916,2022-06-22,289,7,2
I,2022-06-24 19:01:16.000000,2917,2022-05-30,279,20,4
I,2022-06-24 19:01:16.000000,2918,2022-05-28,228,1,2
I,2022-06-24 19:01:16.000000,2919,2022-06-24,132,28,3
I,2022-06-24 19:01:16.000000,2920,2022-06-22,223,11,6
I,2022-06-24 19:01:16.000000,2921,2022-05-31,221,8,6
I,2022-06-24 19:01:16.000000,2922,2022-06-17,263,14,2
I,2022-06-24 19:01:16.000000,2923,2022-05-25,204,28,1
I,2022-06-24 19:01:16.000000,2924,2022-06-15,176,19,3
I,2022-06-24 19:01:16.000000,2925,2022-05-25,298,13,2
I,2022-06-24 19:01:16.000000,2926,2022-06-05,266,22,2
I,2022-06-24 19:01:16.000000,2927,2022-06-22,274,24,4
I,2022-06-24 19:01:16.000000,2928,2022-06-12,80,6,1
I,2022-06-24 19:01:16.000000,2929,2022-06-07,61,14,5
I,2022-06-24 19:01:16.000000,2930,2022-05-25,23,18,4
I,2022-06-24 19:01:16.000000,2931,2022-05-27,187,14,3
I,2022-06-24 19:01:16.000000,2932,2022-05-28,235,26,4
I,2022-06-24 19:01:16.000000,2933,2022-06-20,20,16,2
I,2022-06-24 19:01:16.000000,2934,2022-05-27,281,9,1
I,2022-06-24 19:01:16.000000,2935,2022-06-15,56,16,1
I,2022-06-24 19:01:16.000000,2936,2022-06-24,82,3,4
I,2022-06-24 19:01:16.000000,2937,2022-05-30,176,25,1
I,2022-06-24 19:01:16.000000,2938,2022-06-21,113,14,5
I,2022-06-24 19:01:16.000000,2939,2022-06-11,15,25,2
I,2022-06-24 19:01:16.000000,2940,2022-06-06,192,3,3
I,2022-06-24 19:01:16.000000,2941,2022-06-17,146,16,4
I,2022-06-24 19:01:16.000000,2942,2022-06-21,134,5,1
I,2022-06-24 19:01:16.000000,2943,2022-06-11,237,8,5
I,2022-06-24 19:01:16.000000,2944,2022-05-28,239,7,1
I,2022-06-24 19:01:16.000000,2945,2022-06-05,97,15,1
I,2022-06-24 19:01:16.000000,2946,2022-06-18,144,27,5
I,2022-06-24 19:01:16.000000,2947,2022-06-03,30,1,6
I,2022-06-24 19:01:16.000000,2948,2022-06-17,106,4,5
I,2022-06-24 19:01:16.000000,2949,2022-05-25,57,30,2
I,2022-06-24 19:01:16.000000,2950,2022-06-06,163,23,2
I,2022-06-24 19:01:16.000000,2951,2022-05-28,13,27,3
I,2022-06-24 19:01:16.000000,2952,2022-06-09,208,6,3
I,2022-06-24 19:01:16.000000,2953,2022-06-04,125,9,6
I,2022-06-24 19:01:16.000000,2954,2022-06-18,129,7,1
I,2022-06-24 19:01:16.000000,2955,2022-05-26,254,24,1
I,2022-06-24 19:01:16.000000,2956,2022-06-13,273,26,5
I,2022-06-24 19:01:16.000000,2957,2022-05-26,295,12,4
I,2022-06-24 19:01:16.000000,2958,2022-05-31,282,18,5
I,2022-06-24 19:01:16.000000,2959,2022-06-17,38,16,5
I,2022-06-24 19:01:16.000000,2960,2022-06-09,125,6,5
I,2022-06-24 19:01:16.000000,2961,2022-06-22,13,6,5
I,2022-06-24 19:01:16.000000,2962,2022-06-11,165,7,5
I,2022-06-24 19:01:16.000000,2963,2022-05-25,47,3,5
I,2022-06-24 19:01:16.000000,2964,2022-06-04,1,17,3
I,2022-06-24 19:01:16.000000,2965,2022-05-30,73,12,6
I,2022-06-24 19:01:16.000000,2966,2022-06-13,129,17,1
I,2022-06-24 19:01:16.000000,2967,2022-06-16,123,12,4
I,2022-06-24 19:01:16.000000,2968,2022-06-11,279,22,6
I,2022-06-24 19:01:16.000000,2969,2022-06-09,42,9,4
I,2022-06-24 19:01:16.000000,2970,2022-06-01,12,1,4
I,2022-06-24 19:01:16.000000,2971,2022-06-12,156,11,4
I,2022-06-24 19:01:16.000000,2972,2022-06-14,220,10,5
I,2022-06-24 19:01:16.000000,2973,2022-06-07,234,8,1
I,2022-06-24 19:01:16.000000,2974,2022-06-16,128,12,1
I,2022-06-24 19:01:16.000000,2975,2022-06-13,298,20,5
I,2022-06-24 19:01:16.000000,2976,2022-06-16,121,27,6
I,2022-06-24 19:01:16.000000,2977,2022-06-11,52,13,2
I,2022-06-24 19:01:16.000000,2978,2022-06-15,69,22,5
I,2022-06-24 19:01:16.000000,2979,2022-06-23,286,14,1
I,2022-06-24 19:01:16.000000,2980,2022-06-15,14,29,1
I,2022-06-24 19:01:16.000000,2981,2022-05-31,223,23,5
I,2022-06-24 19:01:16.000000,2982,2022-06-21,59,21,1
I,2022-06-24 19:01:16.000000,2983,2022-06-05,289,4,4
I,2022-06-24 19:01:16.000000,2984,2022-06-22,207,23,4
I,2022-06-24 19:01:16.000000,2985,2022-06-10,261,7,4
I,2022-06-24 19:01:16.000000,2986,2022-06-19,197,7,3
I,2022-06-24 19:01:16.000000,2987,2022-06-15,275,17,4
I,2022-06-24 19:01:16.000000,2988,2022-06-22,62,26,4
I,2022-06-24 19:01:16.000000,2989,2022-06-15,197,6,6
I,2022-06-24 19:01:16.000000,2990,2022-06-24,28,6,4
I,2022-06-24 19:01:16.000000,2991,2022-06-02,120,11,5
I,2022-06-24 19:01:16.000000,2992,2022-06-07,259,17,1
I,2022-06-24 19:01:16.000000,2993,2022-05-31,292,25,3
I,2022-06-24 19:01:16.000000,2994,2022-06-03,224,5,6
I,2022-06-24 19:01:16.000000,2995,2022-06-13,72,11,1
I,2022-06-24 19:01:16.000000,2996,2022-06-14,173,21,3
I,2022-06-24 19:01:16.000000,2997,2022-06-05,224,12,4
I,2022-06-24 19:01:16.000000,2998,2022-06-14,84,13,5
I,2022-06-24 19:01:16.000000,2999,2022-06-12,42,12,2
I,2022-06-24 19:01:16.000000,3000,2022-06-06,132,26,6
